code;country;igp;bkorigin;civil;eng;fren;ger;nordic;aproc;atimesale;atimepay;acost;aprior;aeo;lending;effsale;arecov;bproc;btimesale;bcost;bps;beffic;lngni;apptime;ooc;sumjud;floating;spec;apporde;orderju;appsal;saleju;disclai;disju;attemreo;scstay;lawsc;debtceas;supresc;empres;mancont;whoapp;dismiss;mktval;trigliq;proofreo;scvotdir;private_cred;gdp7802;gniusd;avinfl;lncdays;credright;info;npl;moodys;effbank;loan;credimp;sound;sophisti;formali;b_delayt;infraest;corrupt;taxevas
ALB;Albania;3. Lower Middle Income;German;1;0;0;1;0;liq;3,5;4,0;0,38;2;1;11,8;42,0;33,9;liq;2,00 ;0,150;1;68,05 ;7,64;1;;;1;0;1;1;1;1;1;1;0;1;1;0;0;0;;0;;0;0;1;0;0,06;1,170;22,027;3,63;5,966;3;0;;;;;;;;76,389;;;6,528;
DZA;Algeria;3. Lower Middle Income;French;1;0;1;0;0;reorg;3,5;3,5;0,07;3;0;8,0;48,1;35,3;liq;0,75 ;0,035;1;91,09 ;7,732;1;;;1;0;1;0;0;0;1;1;1;;;0;;1;0;0;0;1;1;1;0;0,06;0,283;24,615;9,73;6,009;1;0;26,1;;4,1;2,2;3,6;4,1;1,7;72,222;;;5,714;
AGO;Angola;3. Lower Middle Income;French;1;0;1;0;0;reorg;6,2;6,2;0,22;3;0;82,3;1,2;0,8;reorg;6,17 ;0,22;1;1,92 ;6,937;1;;;;0;1;0;0;0;0;1;0;1;0;0;1;1;;0;;0;0;0;1;0,04;-0,496;22,646;260,86;6,919;3;1;;;2,2;2,1;3,5;4,0;2,0;81,944;;;5,000;
ARG;Argentina;2. Upper middle income;French;1;0;1;0;0;reorg;2,8;2,8;0,12;2;0;19,2;35,8;30,6;liq;3,58 ;0,145;1;45,64 ;8,221;1;;;0;0;1;1;1;0;1;1;0;1;1;0;1;0;1;0;0;0;1;0;1;0,19;-0,284;26,238;7,83;6,254;1;1;;0,0;3,4;1,7;1,3;2,8;3,6;79,861;3,901;4,633;6,012;2,41
ARM;Armenia;3. Lower Middle Income;German;1;0;0;1;0;fcl;1,6;1,9;0,04;1;0;18,6;50,4;50,4;fcl;1,89 ;0,04;1;69,53 ;7,021;1;1;1;1;1;1;0;1;1;1;1;0;1;1;0;0;0;;0;;1;1;1;1;0,08;1,065;21,417;1,93;5,273;2;0;6,7;;;;;;;45,833;;;;
AUS;Australia;1. High income;English;0;1;0;0;0;fcl;0,6;1,0;0,08;1;1;8,4;87,8;87,8;fcl;0,58 ;0,040;1;91,58 ;10,2;0;1;1;1;0;1;0;1;0;1;0;0;1;1;0;1;0;0;1;1;0;1;0;1;0,88;2,079;26,668;3,01;5,056;3;1;0,5;72,5;6,5;4,8;5,0;6,9;6,3;27,083;6,333;6,782;8,512;4,58
AUT;Austria;1. High income;German;1;0;0;1;0;liq;0,9;1,1;0,18;1;1;5,6;78,0;78,0;liq;0,92 ;0,180;1;77,98 ;10,383;0;;;0;0;1;1;1;0;1;0;0;0;0;0;0;1;0;0;1;1;1;1;1;1,04;1,945;26,015;1,50;5,924;3;1;2,3;61,7;6,2;3,7;4,2;6,0;4,5;53,869;6,000;8,250;8,571;3,60
BLR;Belarus;3. Lower Middle Income;French;1;0;1;0;0;reorg;5,8;5,8;0,22;4;0;16,9;19,5;9,3;reorg;5,75 ;0,220;1;31,77 ;7,659;1;;;;0;1;0;0;1;1;1;1;1;1;0;0;;;1;;0;1;1;0;0,09;0,289;23,321;131,47;5,521;2;1;;;;;;;;55,556;3,625;4,000;;
BEL;Belgium;1. High income;French;1;0;1;0;0;reorg;0,9;0,9;0,035;1;1;6,9;90,8;90,8;reorg;0,92 ;0,035;1;90,78 ;10,343;0;;;1;0;1;0;1;1;1;1;0;1;0;0;0;0;1;0;1;1;0;1;1;0,78;1,945;26,234;1,58;4,718;2;1;2,8;75,0;5,8;4,2;3,3;6,3;5,7;53,472;6,240;7,292;8,810;2,27
BIH;Bosnia and Herzegovina;3. Lower Middle Income;German;1;0;0;1;0;fcl;1,8;3,3;0,09;2;1;10,3;76,1;66,0;fcl;1,83 ;0,090;1;76,05 ;7,621;1;1;1;1;0;0;0;0;0;1;0;0;0;0;0;0;0;;0;;1;1;1;1;0,39;20,852;22,263;3,52;5,799;3;0;;;;;;;;62,599;;;;
BWA;Botswana;2. Upper middle income;English;0;1;0;0;0;liq;1,3;1,3;0,145;1;1;16,6;69,7;69,7;liq;1,33 ;0,145;1;69,72 ;8,376;0;;;;0;1;0;0;0;1;0;0;1;1;0;0;0;1;1;0;0;0;1;1;0,18;5,265;22,324;6,60;5,037;3;1;;;4,7;3,3;4,8;6,4;3,5;52,083;;;6,458;
BRA;Brazil;3. Lower Middle Income;French;1;0;1;0;0;liq;3,7;4,0;0,12;3;1;67,1;13,4;9,7;liq;3,67 ;0,135;1;13,17 ;8,036;0;;;0;0;0;0;0;0;1;1;0;1;0;0;0;0;0;1;0;0;1;1;0;0,35;0,870;27,111;9,33;6,339;1;1;5,7;24,3;4,8;3,4;3,8;6,2;5,4;53,472;4,191;5,083;6,310;2,14
BGR;Bulgaria;3. Lower Middle Income;French;1;0;1;0;0;reorg;3,3;3,3;0,09;1;0;8,8;46,0;46,0;reorg;3,33 ;0,090;1;68,66 ;7,916;1;;;1;0;1;0;1;0;1;1;0;0;1;0;0;0;;1;;0;1;1;1;0,16;1,352;23,265;4,63;6,087;2;1;6,0;20,8;3,3;2,7;3,6;4,9;2,3;68,750;;;6,528;
CAN;Canada;1. High income;English;0;1;0;0;0;reorg;0,8;0,8;0,035;1;1;4,7;93,2;93,2;fcl;0,58 ;0,020;1;95,42 ;10,254;1;;;1;1;1;0;1;0;1;1;0;;1;0;0;0;0;1;1;1;1;0;1;0,81;1,702;27,199;2,24;5,846;1;1;1,4;75,0;6,0;4,1;4,4;6,7;6,1;40,278;6,548;8,468;10,000;3,77
CHL;Chile;2. Upper middle income;French;1;0;1;0;0;fcl;5,1;5,6;0,145;4;0;6,2;40,9;22,3;fcl;5,08 ;0,145;1;63,04 ;8,499;0;0;0;0;0;1;0;1;0;1;1;0;0;0;0;1;1;0;0;1;1;1;0;1;0,61;3,779;24,957;4,10;5,720;2;1;1,8;56,5;5,6;4,0;4,4;6,4;5,2;72,917;4,410;4,611;5,298;4,20
CHN;China;3. Lower Middle Income;German;1;0;0;1;0;fcl;1,8;2,4;0,22;1;0;5,6;43,6;43,6;fcl;1,79 ;0,220;1;70,77 ;7,162;1;0;0;0;0;0;0;1;0;1;1;0;0;0;0;0;1;;0;;0;0;0;;;8,156;27,665;0,37;5,485;2;0;22,0;10,0;3,2;2,5;3,9;3,7;3,1;52,083;4,625;4,000;6,528;2,51
COL;Colombia;3. Lower Middle Income;French;1;0;1;0;0;reorg;3,0;3,0;0,01;3;1;15,2;64,8;49,1;liq;2,00 ;0,010;1;74,62 ;7,601;1;;;1;1;1;1;1;1;0;1;0;1;1;0;0;0;1;0;0;0;1;1;1;0,27;1,244;25,191;9,12;5,894;0;1;7,4;24,2;5,1;3,1;4,6;4,9;4,0;56,250;4,168;4,149;5,000;2,11
CRI;Costa Rica;2. Upper middle income;French;1;0;1;0;0;reorg;3,5;3,5;0,145;2;0;25,6;25,0;21,2;reorg;3,50 ;0,145;1;38,52 ;8,449;1;;;0;0;0;0;0;0;1;1;1;1;0;0;0;0;1;0;0;0;1;0;0;0,27;1,119;23,397;9,54;6,310;1;1;2,8;;4,3;2,8;4,1;5,3;4,0;86,111;;;8,333;
HRV;Croatia;2. Upper middle income;German;1;0;0;1;0;fcl;1,9;3,1;0,145;1;0;11,6;45,0;45,0;fcl;1,92 ;0,145;1;69,31 ;8,793;0;0;0;0;0;1;0;1;0;1;0;0;0;1;0;0;0;0;1;1;1;0;1;1;0,44;0,616;23,722;3,73;6,028;3;0;5,2;33,3;3,3;2,9;4,9;4,9;3,1;50,000;;;;
CZE;Czech Republic;2. Upper middle income;German;1;0;0;1;0;liq;6,0;9,2;0,145;2;0;5,3;40,7;34,5;liq;6,00 ;0,145;1;62,70 ;9,122;0;;;0;0;0;0;0;0;1;0;0;1;1;0;1;0;0;0;0;1;0;0;1;0,42;0,742;24,743;2,88;5,704;3;0;5,3;33,9;4,0;2,7;4,6;4,5;3,3;64,583;6,000;6,000;;2,54
DNK;Denmark;1. High income;Nordic;1;0;0;0;1;liq;2,5;3,0;0,09;1;1;7,1;76,7;76,7;liq;2,50 ;0,090;1;76,66 ;10,613;1;;;1;1;1;0;0;0;0;1;0;1;1;0;0;0;0;1;0;1;0;0;1;1,23;1,618;25,837;2,13;4,419;3;1;0,6;80,0;6,7;5,1;4,4;6,6;5,7;40,278;6,535;7,801;10,000;3,70
DOM;Dominican Rep;3. Lower Middle Income;French;1;0;1;0;0;liq;3,3;3,5;0,38;2;0;31,4;12,9;9,5;liq;2,00 ;0,135;1;50,10 ;7,64;0;;;0;0;1;0;0;0;0;0;0;0;0;1;1;0;0;1;0;1;0;0;;0,38;2,176;23,58;11,13;6,363;2;1;12,0;;3,4;3,7;3,7;6,0;3,9;74,306;;;5,000;
ECU;Ecuador;3. Lower Middle Income;French;1;0;1;0;0;reorg;8,0;8,0;0,18;4;0;13,1;19,4;10,0;reorg;8,00 ;0,150;1;31,78 ;7,687;0;;;0;0;0;0;0;1;0;1;1;1;1;1;0;1;1;1;0;0;1;0;1;0,27;0,212;23,694;3,16;5,961;0;1;9,6;8,3;2,6;2,2;3,3;3,3;2,9;71,528;3,520;3,921;5,179;
EGY;Egypt, Arab Rep.;3. Lower Middle Income;French;1;0;1;0;0;liq;4,1;4,2;0,22;2;0;13,5;28,6;23,6;reorg;4,08 ;0,220;1;46,45 ;7,178;0;;;0;0;1;0;1;0;1;0;1;0;1;1;0;0;0;0;0;0;1;1;1;0,61;2,740;25,223;3,41;6,016;2;1;;22,9;3,9;3,3;3,6;4,0;3,4;50,000;3,231;3,969;3,869;3,57
SLV;El Salvador;3. Lower Middle Income;French;1;0;1;0;0;fcl;3,7;4,0;0,09;2;0;14,0;37,8;32,6;fcl;3,67 ;0,090;1;56,36 ;7,762;0;0;0;0;0;0;0;0;0;1;0;0;0;0;0;1;0;0;1;0;0;0;1;0;0,05;-0,188;23,253;2,15;5,617;3;1;;;3,0;3,6;5,5;5,9;4,3;86,111;;;3,690;
EST;Estonia;2. Upper middle income;German;1;0;0;1;0;liq;2,0;3,0;0,09;1;0;5,5;54,8;54,8;liq;2,00 ;0,090;1;81,75 ;8,855;1;;;;0;1;0;0;0;1;1;0;0;0;0;0;1;1;1;0;1;1;1;1;;;;;;;;;;5,2;;;;;63,194;;;;
FIN;Finland;1. High income;Nordic;1;0;0;0;1;reorg;0,9;0,9;0,035;1;1;4,8;92,4;92,4;liq;2,00 ;0,035;1;87,83 ;10,398;0;;;0;0;1;0;1;0;1;0;0;0;0;1;0;0;0;1;0;1;1;0;1;0,58;2,424;25,536;1,52;5,481;1;1;0,5;73,3;6,3;5,2;5,2;6,6;6,0;47,917;5,750;7,500;10,000;3,53
FRA;France;1. High income;French;1;0;1;0;0;reorg;1,9;1,9;0,09;2;0;6,6;54,1;46,6;reorg;1,89 ;0,090;1;80,64 ;10,312;1;;;0;0;1;0;1;0;1;1;0;1;1;0;0;0;1;0;0;1;0;0;0;0,87;1,728;27,964;1,41;4,317;0;1;4,9;71,2;5,9;4,2;4,1;6,2;5,4;79,167;5,161;6,995;9,048;3,86
GEO;Georgia;3. Lower Middle Income;German;1;0;0;1;0;fcl;2,8;3,3;0,035;1;0;31,2;30,8;30,8;fcl;3,25 ;0,035;1;39,90 ;6,947;;1;1;1;0;0;1;0;1;0;0;;;;;;;;1;;0;;;1;0,08;-1,996;21,927;5,85;5,927;2;0;;;;;;;;59,028;;;;
DEU;Germany;1. High income;German;1;0;0;1;0;liq;0,9;1,2;0,08;1;0;9,7;57,0;57,0;fcl;0,92 ;0,055;1;86,81 ;10,313;1;;;0;1;1;0;1;0;1;1;0;;1;0;0;1;0;1;0;1;0;1;1;1,18;1,698;28,323;0,82;5,215;3;1;5,0;46,7;6,3;3,5;3,5;5,2;5,7;61,111;7,069;8,466;8,929;3,41
GRC;Greece;1. High income;French;1;0;1;0;0;liq;1,9;2,0;0,09;3;0;6,8;53,8;39,0;fcl;1,08 ;0,090;1;84,75 ;9,718;1;;;0;0;0;0;0;0;1;0;0;1;1;1;0;0;0;1;0;0;1;0;1;0,60;1,451;25,534;3,45;5,017;1;1;;44,8;4,8;3,8;4,8;5,5;4,1;63,889;4,693;6,193;7,262;2,36
GTM;Guatemala;3. Lower Middle Income;French;1;0;1;0;0;fcl;3,0;3,0;0,145;2;0;15,0;36,5;31,0;fcl;3,00 ;0,145;1;56,25 ;7,664;1;0;0;0;0;0;1;0;1;1;1;1;0;0;1;1;0;0;1;1;0;1;1;1;0,20;0,122;23,699;6,62;7,286;1;1;;;2,7;2,4;3,9;4,6;3,4;90,278;;;3,333;
HND;Honduras;3. Lower Middle Income;French;1;0;1;0;0;fcl;2,9;3,8;0,08;2;0;19,9;36,8;31,8;fcl;2,88 ;0,08;1;54,63 ;6,937;1;1;1;1;0;1;0;1;0;0;1;0;1;0;0;0;0;;0;;1;0;0;1;0,41;0,094;22,436;8,63;6,301;2;1;12,4;;2,5;2,1;3,5;3,5;2,4;77,083;;;3,333;
HKG;Hong Kong, China;1. High income;English;0;1;0;0;0;fcl;0,6;1,1;0,09;1;1;5,0;88,3;88,3;fcl;0,63 ;0,090;1;88,27 ;10,197;0;1;1;1;0;1;1;0;0;1;1;0;0;0;1;0;0;0;1;1;0;0;1;1;1,54;4,062;25,85;-4,73;5,352;4;1;4,4;62,3;6,0;4,4;4,6;6,4;6,3;47,917;;;8,517;4,56
HUN;Hungary;2. Upper middle income;German;1;0;0;1;0;fcl;1,9;2,0;0,145;2;0;9,6;46,7;39,7;fcl;1,88 ;0,145;1;72,00 ;9,02;0;0;1;1;1;0;0;0;0;1;1;0;0;0;0;0;0;0;0;0;1;1;0;1;0,34;1,565;24,621;8,69;5,900;1;1;1,7;42,5;4,9;3,3;4,6;4,9;4,5;51,389;4,381;5,667;7,500;1,97
IDN;Indonesia;3. Lower Middle Income;French;1;0;1;0;0;reorg;5,5;5,5;0,18;1;0;14,1;25,1;25,1;reorg;5,50 ;0,18;1;39,65 ;7,039;1;;;;0;1;0;0;0;1;1;0;1;1;0;0;0;;1;;0;0;1;1;0,20;3,853;25,698;12,40;6,346;2;1;5,8;3,0;3,9;3,3;3,9;3,4;3,4;86,111;3,374;3,641;2,143;2,53
IRN;Iran, Islamic Rep.;3. Lower Middle Income;French;1;0;1;0;0;reorg;4,5;4,5;0,09;1;0;17,5;29,5;29,5;reorg;4,50 ;0,150;1;41,14 ;7,741;1;;;0;0;1;1;0;0;1;1;1;1;1;1;1;1;0;0;0;0;1;1;1;0,31;-0,450;25,364;22,77;6,301;2;1;;;;;;;;67,361;2,679;3,508;4,940;
IRL;Ireland;1. High income;English;0;1;0;0;0;reorg;0,4;0,4;0,09;1;1;2,9;89,9;89,9;liq;2,00 ;0,090;1;86,03 ;10,442;0;;;1;1;1;0;1;0;1;0;0;1;0;1;0;0;1;1;0;0;0;1;1;1,10;4,587;25,147;4,03;5,380;1;1;1,7;71,7;5,8;5,0;4,8;6,6;5,2;42,361;5,913;7,000;8,512;3,55
ISR;Israel;1. High income;English;0;1;0;0;0;liq;1,5;4,0;0,23;1;1;10,7;66,2;66,2;liq;0,75 ;0,100;1;83,42 ;9,763;0;;;1;1;0;0;0;0;0;1;;0;0;0;0;0;;1;;1;0;0;1;0,89;2,170;25,333;2,88;6,372;3;1;10,2;45,8;5,6;3,7;3,8;5,5;5,5;50,694;5,362;6,688;8,333;3,69
ITA;Italy;1. High income;French;1;0;1;0;0;reorg;1,2;1,2;0,22;2;0;5,0;45,3;37,4;reorg;1,17 ;0,220;1;73,66 ;10,17;0;;;0;1;0;0;0;0;1;1;0;1;1;1;1;0;0;0;0;1;1;0;0;0,79;1,990;27,761;2,48;7,237;2;1;6,5;63,3;5,0;3,5;4,3;5,5;5,1;80,556;4,224;5,756;6,131;1,77
JAM;Jamaica;3. Lower Middle Income;English;0;1;0;0;0;fcl;1,0;1,1;0,18;3;1;18,9;69,0;48,8;fcl;1,00 ;0,180;1;68,97 ;7,972;0;1;1;1;0;1;0;1;0;1;0;0;0;1;0;0;0;0;1;1;0;0;1;1;0,22;0,048;22,711;9,43;5,308;2;0;3,7;;4,0;2,4;4,1;5,2;4,3;38,194;;;3,571;
JPN;Japan;1. High income;English;0;1;0;0;0;reorg;0,6;0,6;0,035;1;1;1,8;95,5;95,5;reorg;0,58 ;0,035;1;95,49 ;10,524;1;;;0;1;1;0;1;0;1;1;0;0;1;0;0;1;0;0;0;1;1;1;1;1,07;2,247;29,097;-1,73;4,094;2;1;7,2;12,0;5,2;2,5;3,8;2,3;4,4;50,298;6,165;9,135;8,512;4,41
JOR;Jordan;3. Lower Middle Income;French;1;0;1;0;0;liq;3,3;4,3;0,09;3;0;10,2;44,5;32,3;liq;3,25 ;0,090;1;66,41 ;7,669;0;;;0;0;0;1;0;1;1;1;0;0;0;1;1;0;0;0;0;1;0;0;;0,74;1,221;22,829;0,57;5,835;1;1;14,8;19,2;5,0;3,1;4,3;5,4;4,0;48,611;;;5,476;3,22
KAZ;Kazakhstan;3. Lower Middle Income;German;1;0;0;1;0;liq;2,8;3,3;0,18;2;0;19,5;31,4;26,3;liq;2,83 ;0,18;1;49,50 ;7,723;1;;;0;0;1;1;0;0;1;1;0;1;1;0;1;0;;0;;1;1;0;0;0,15;-0,414;23,728;11,68;5,991;2;0;;;;;;;;59,722;3,000;3,500;;
KOR;Korea, Rep.;1. High income;English;0;1;0;0;0;reorg;1,5;1,5;0,035;1;1;6,2;88,1;88,1;liq;1,50 ;0,010;1;90,41 ;9,545;0;;;0;0;1;0;1;0;1;1;0;1;1;0;0;0;0;1;0;0;0;1;1;0,93;5,763;26,775;1,94;4,317;3;1;2,3;18,3;5,0;3,7;4,8;4,7;4,5;50,000;5,049;5,547;5,298;3,29
KWT;Kuwait;1. High income;French;1;0;1;0;0;fcl;4,0;4,2;0,01;2;0;5,4;55,9;49,1;fcl;4,00 ;0,010;1;80,17 ;9,796;0;0;0;0;0;0;0;0;0;1;0;0;1;1;0;0;1;0;1;0;1;0;0;0;0,68;-1,465;24,316;8,52;5,966;3;0;7,8;;;;;;;76,389;;;4,821;
LVA;Latvia;2. Upper middle income;German;1;0;0;1;0;liq;2,8;3,0;0,13;1;0;5,4;49,3;49,3;liq;2,75 ;0,125;1;75,76 ;8,605;;;;0;1;1;0;1;0;1;0;;;;;;;;0;;0;;;1;0,23;1,219;22,662;3,50;5,242;3;0;1,9;32,1;4,6;4,5;5,2;5,4;4,7;55,556;;;;
LBN;Lebanon;2. Upper middle income;French;1;0;1;0;0;fcl;4,0;4,0;0,22;3;0;13,4;29,0;18,8;fcl;4,00 ;0,220;1;47,11 ;8,513;0;0;1;0;1;1;0;1;0;1;1;0;1;0;1;0;0;0;0;1;0;0;0;0;0,84;2,649;23,566;0,92;6,581;4;1;31,6;33,3;;;;;;67,361;5,081;5,113;4,286;
LTU;Lithuania;2. Upper middle income;German;1;0;0;1;0;liq;1,3;1,7;0,07;1;0;5,8;58,7;58,7;liq;1,17 ;0,070;1;87,04 ;8,655;1;;;0;0;1;0;0;0;1;0;1;1;1;0;0;0;0;0;0;0;0;0;1;0,14;-0,501;23,132;-0,10;5,037;2;1;3,0;;4,2;4,7;5,4;5,4;3,9;58,333;;;;
MKD;Macedonia, FYR;3. Lower Middle Income;German;1;0;0;1;0;reorg;3,7;3,7;0,28;2;0;12,4;27,3;21,9;reorg;3,67 ;0,280;1;46,84 ;7,762;1;;;1;0;1;0;1;0;1;0;0;1;1;1;1;1;;1;;0;0;1;0;0,19;-0,964;21,998;3,81;6,232;3;1;15,9;;3,3;1,8;3,3;3,7;2,1;66,667;;;;
MYS;Malaysia;2. Upper middle income;English;0;1;0;0;0;liq;2,3;2,3;0,145;3;0;6,3;48,4;33,7;liq;2,25 ;0,145;1;74,52 ;8,445;0;;;1;0;1;0;1;0;1;1;0;1;1;0;0;0;1;1;0;1;1;1;1;1,38;3,725;25,123;1,85;5,704;3;1;14,8;33,3;5,8;3,8;4,4;5,6;5,2;40,972;4,828;5,210;7,381;4,34
MEX;Mexico;2. Upper middle income;French;1;0;1;0;0;reorg;1,8;1,8;0,18;3;1;6,9;72,6;51,3;reorg;3,08 ;0,275;1;59,01 ;8,82;1;;;0;0;1;0;0;0;1;0;1;1;0;0;0;0;;0;;0;1;0;1;0,18;1,335;26,959;9,70;6,043;0;1;3,7;39,6;4,2;2,3;4,1;5,1;4,5;67,361;4,065;5,057;4,762;2,46
MAR;Morocco;3. Lower Middle Income;French;1;0;1;0;0;reorg;1,8;1,8;0,18;3;0;12,6;41,9;28,3;reorg;1,83 ;0,180;1;66,01 ;7,326;0;;;0;0;1;0;1;0;1;1;1;1;1;0;0;0;1;1;;0;0;0;0;0,55;1,400;24,245;0,87;5,481;1;1;18,0;35,8;4,5;2,8;4,6;5,4;3,4;69,444;3,617;4,818;4,107;
NAM;Namibia;3. Lower Middle Income;English;0;1;0;0;0;reorg;1,5;1,5;0,145;1;0;14,7;45,2;45,2;liq;2,00 ;0,145;1;64,99 ;7,771;1;;;1;0;1;1;1;0;1;0;0;1;1;1;0;0;1;1;;0;0;1;0;0,47;-0,068;21,945;8,24;5,598;2;1;;;4,7;3,7;4,3;5,8;4,2;42,361;;;7,222;
NLD;Netherlands;1. High income;French;1;0;1;0;0;liq;1,4;1,7;0,01;1;1;3,0;94,9;94,9;liq;1,17 ;0,010;1;95,64 ;10,364;0;;;0;1;1;0;1;1;1;1;0;1;1;0;0;0;1;0;0;0;0;0;1;1,42;1,726;26,69;3,42;3,871;3;1;2,4;84,2;6,3;4,4;3,6;6,6;5,8;61,111;6,775;8,490;10,000;3,40
NZL;New Zealand;1. High income;English;0;1;0;0;0;fcl;0,7;2,0;0,035;1;1;9,8;90,7;90,7;fcl;0,67 ;0,035;1;90,68 ;9,919;1;1;1;1;0;1;0;0;0;0;0;0;0;1;0;0;0;1;1;1;0;0;0;1;1,17;1,291;24,703;2,17;3,912;4;1;;;6,1;4,6;5,0;6,7;5,8;31,250;;;10,000;5,00
NOR;Norway;1. High income;Nordic;1;0;0;0;1;reorg;0,9;0,9;0,01;1;1;8,5;91,8;91,8;liq;1,25 ;0,010;1;89,37 ;10,86;0;;;0;1;1;0;0;0;1;0;0;1;1;0;0;1;0;0;0;0;0;1;1;0,83;2,489;25,804;4,86;4,466;2;1;2,2;63,3;5,8;4,7;4,2;6,0;4,9;47,917;6,518;7,544;10,000;3,96
OMN;Oman;2. Upper middle income;French;1;0;1;0;0;fcl;2,8;4,0;0,035;4;0;8,2;53,5;33,2;fcl;2,75 ;0,035;1;77,63 ;8,973;0;0;0;1;0;1;0;1;0;1;1;0;0;0;0;0;0;1;0;0;1;0;0;1;0,40;2,063;23,528;5,94;6,120;0;0;11,3;29,2;;;;;;51,389;;;5,000;
PAN;Panama;2. Upper middle income;French;1;0;1;0;0;fcl;2,0;2,5;0,18;1;0;9,9;43,0;43,0;fcl;2,00 ;0,180;1;67,86 ;8,401;1;0;0;0;0;1;1;1;0;1;1;0;0;0;1;1;0;0;0;1;0;0;0;1;0,92;1,358;23,11;0,55;5,872;4;1;;;3,2;3,9;3,5;6,1;4,9;81,944;;;3,512;
PRY;Paraguay;3. Lower Middle Income;French;1;0;1;0;0;fcl;3,9;3,9;0,09;2;0;50,0;12,5;10,8;fcl;3,92 ;0,090;1;18,60 ;7,065;1;;;;0;0;0;0;0;1;0;0;0;0;0;1;1;0;0;1;0;0;1;0;0,24;0,718;22,76;10,17;5,652;1;1;20,6;;3,3;2,2;2,5;4,1;2,9;78,472;;;2,143;
PER;Peru;3. Lower Middle Income;French;1;0;1;0;0;reorg;3,1;3,1;0,07;3;0;14,2;41,8;30,7;reorg;3,08 ;0,070;1;61,74 ;7,766;0;;;0;1;1;1;1;1;1;1;0;1;0;0;0;0;1;1;1;0;0;0;1;0,25;-0,037;24,711;2,36;6,089;0;1;5,8;23,3;4,7;2,6;4,1;5,3;3,8;81,944;3,380;3,925;4,702;2,66
PHL;Philippines;3. Lower Middle Income;English;0;1;0;0;0;reorg;5,7;5,7;0,38;1;0;11,2;17,5;17,5;fcl;10,00 ;0,450;1;19,02 ;7,065;1;;;0;0;1;0;1;0;1;1;0;0;0;0;1;0;1;1;0;1;0;1;0;0,41;0,443;25,087;5,59;5,940;1;1;15,2;20,4;4,1;2,8;4,2;4,7;3,7;75,000;4,228;4,829;2,917;1,83
POL;Poland;2. Upper middle income;German;1;0;0;1;0;liq;2,0;2,0;0,22;3;1;7,3;67,7;46,9;liq;2,00 ;0,220;1;67,74 ;8,714;0;;;0;1;1;1;1;1;1;1;0;1;0;0;0;0;1;0;0;0;1;1;1;0,28;3,180;25,829;3,80;6,908;1;0;21,3;29,5;4,2;3,3;3,7;4,9;3,7;59,722;3,500;2,500;7,361;2,19
PRT;Portugal;1. High income;French;1;0;1;0;0;reorg;2,0;2,0;0,09;3;1;5,2;82,3;60,6;liq;2,00 ;0,090;1;82,26 ;9,572;0;;;0;0;1;0;1;0;1;1;0;1;1;1;0;0;0;0;0;1;1;1;1;1,40;2,787;25,42;3,70;5,768;1;1;2,7;64,2;4,5;3,9;3,3;5,8;4,7;59,722;4,234;4,973;7,381;2,18
PRI;Puerto Rico;1. High income;English;0;1;0;0;0;reorg;3,8;3,8;0,08;2;1;4,7;77,4;67,3;reorg;3,79 ;0,08;1;77,37 ;9,301;;;;;1;1;0;0;0;1;1;;;;;;;;0;;0;;;1;;3,093;24,368;3,29;5,598;1;1;;;;;;;;57,639;;;;
ROM;Romania;3. Lower Middle Income;French;1;0;1;0;0;reorg;4,6;4,6;0,09;3;0;45,4;11,0;7,9;reorg;4,58 ;0,090;1;16,37 ;7,979;1;;;1;1;1;0;1;0;1;1;0;1;1;0;0;0;0;1;0;0;1;0;1;0,08;0,003;24,378;34,47;5,814;1;0;;;3,4;3,2;3,9;4,5;2,7;54,167;;;4,931;
RUS;Russian Federation;3. Lower Middle Income;French;1;0;1;0;0;liq;3,7;3,8;0,09;2;0;13,0;39,0;33,6;liq;3,67 ;0,090;1;58,18 ;8,134;1;;;0;0;0;1;0;1;1;1;0;1;1;0;0;1;1;1;0;0;1;1;0;0,16;-0,063;26,406;31,22;5,799;2;0;6,1;10,8;3,2;2,4;4,1;3,8;2,6;47,917;4,000;3,750;;1,43
SAU;Saudi Arabia;2. Upper middle income;French;1;0;1;0;0;liq;2,7;2,8;0,22;1;0;6,4;40,6;40,6;liq;2,71 ;0,220;1;65,94 ;9,252;0;;;;0;1;1;0;0;1;1;0;0;0;1;1;0;0;0;0;0;0;1;;0,56;-1,877;25,866;5,42;5,886;3;1;8,2;43,3;;;;;;50,000;4,605;6,001;4,167;
YUG;Serbia and Montenegro;3. Lower Middle Income;German;1;0;0;1;0;reorg;2,7;2,7;0,23;3;0;21,0;28,3;18,2;liq;2,00 ;0,230;1;52,61 ;7,871;1;;;;0;1;0;1;0;1;0;0;1;0;0;0;1;;0;;0;0;1;1;;4,746;23,152;56,26;6,935;2;0;;;3,1;3,4;3,8;3,6;2,9;61,111;;;5,000;
SGP;Singapore;1. High income;English;0;1;0;0;0;fcl;0,6;0,8;0,01;1;1;5,3;96,1;96,1;fcl;0,58 ;0,010;1;96,06 ;10,095;0;1;1;1;0;1;0;1;0;1;0;0;0;1;0;0;0;0;1;0;0;0;1;1;1,17;4,673;25,203;-0,44;4,234;3;0;3,5;74,7;6,3;4,3;4,6;6,5;5,9;48,611;7,495;7,757;8,214;5,05
SVK;Slovak Republic;2. Upper middle income;German;1;0;0;1;0;liq;4,1;4,8;0,18;1;1;8,5;58,9;58,9;liq;4,08 ;0,180;1;58,86 ;8,776;0;;;0;0;0;0;0;0;1;0;0;1;1;0;0;0;0;0;1;1;0;1;0;0,43;1,063;23,764;5,55;6,337;2;1;10,5;17,5;3,5;3,5;5,2;5,6;3,4;40,278;;;;
SVN;Slovenia;1. High income;German;1;0;0;1;0;fcl;1,7;2,0;0,08;2;0;10,8;52,3;45,2;fcl;1,67 ;0,145;1;72,12 ;9,603;0;0;1;0;0;1;0;1;0;1;0;0;1;1;1;0;0;0;0;0;1;0;1;1;0,38;2,146;23,683;6,83;6,911;3;1;6,7;45,2;4,5;3,8;5,1;5,2;3,7;65,278;;;7,222;
ZAF;South Africa;3. Lower Middle Income;English;0;1;0;0;0;liq;1,9;2,0;0,18;1;0;15,0;39,8;39,8;liq;1,92 ;0,180;1;62,77 ;8,197;1;;;;0;1;0;0;0;0;0;0;1;1;1;0;1;0;1;0;0;0;1;1;0,76;-0,021;25,539;7,67;5,624;3;1;2,9;50,0;5,3;3,7;4,5;6,1;5,6;55,556;6,423;7,424;8,910;2,40
ESP;Spain;1. High income;French;1;0;1;0;0;reorg;1,0;1,0;0,145;3;1;4,3;82,0;59,0;reorg;2,08 ;0,145;1;78,31 ;9,962;1;;;0;0;1;0;1;1;1;1;0;1;0;0;0;0;1;0;0;1;1;1;1;1,06;2,068;27,094;3,81;5,130;2;1;1,0;76,7;5,0;3,8;4,4;6,5;5,3;82,639;4,793;5,889;7,381;1,91
LKA;Sri Lanka;3. Lower Middle Income;English;0;1;0;0;0;fcl;1,4;2,2;0,18;3;0;9,5;45,7;31,0;fcl;1,42 ;0,18;1;72,13 ;6,918;0;0;1;1;0;0;0;0;0;1;0;0;1;1;0;1;1;;1;;0;0;1;1;0,29;3,273;23,476;7,67;6,087;2;1;13,9;;3,9;3,5;4,4;5,1;3,3;57,639;;;5,000;
SWE;Sweden;1. High income;Nordic;1;0;0;0;1;liq;1,0;2,0;0,09;1;1;5,8;86,0;86,0;liq;1,00 ;0,090;1;86,00 ;10,485;1;;;1;1;1;0;1;0;1;0;0;1;0;0;0;1;0;1;1;0;0;1;0;0,72;1,689;26,154;1,61;5,338;1;1;1,3;75,0;6,5;4,8;4,2;6,4;6,1;44,444;6,529;7,917;10,000;3,39
CHE;Switzerland;1. High income;French;1;0;1;0;0;reorg;3,0;3,0;0,035;1;0;3,3;60,4;60,4;reorg;3,00 ;0,035;1;87,62 ;10,784;0;;;0;1;1;0;1;1;1;1;0;1;1;1;0;0;0;1;0;0;0;0;1;1,64;0,980;26,35;0,86;5,136;1;1;3,6;72,1;6,0;3,9;4,0;6,5;6,5;44,444;7,776;9,052;10,000;4,49
SYR;Syrian Arab Republic;3. Lower Middle Income;French;1;0;1;0;0;liq;5,4;4,1;0,09;3;0;9,0;38,2;27,7;liq;5,42 ;0,090;1;57,06 ;7,082;0;;;0;0;1;0;1;0;1;1;0;0;0;0;0;1;0;0;0;1;0;0;;0,09;1,120;23,547;4,40;6,510;3;0;;;;;;;;69,444;;;3,869;
TWN;Taiwan, China;1. High income;German;1;0;0;1;0;reorg;0,8;0,8;0,035;3;1;3,4;93,8;70,5;reorg;0,83 ;0,035;1;93,83 ;9,591;0;;;0;0;1;1;1;1;1;1;0;1;1;0;1;0;0;1;0;0;0;1;1;0,99;5,691;26,395;-1,11;5,347;2;1;;;5,2;4,5;5,7;4,6;4,7;36,806;6,300;6,800;6,850;3,25
THA;Thailand;3. Lower Middle Income;English;0;1;0;0;0;reorg;2,7;2,7;0,36;2;1;5,9;54,9;44,6;reorg;2,67 ;0,360;1;54,88 ;7,84;1;;;0;1;1;0;1;0;1;0;0;0;0;0;0;0;0;1;0;0;1;1;1;1,00;4,657;25,517;0,40;5,966;2;0;15,5;15,8;5,1;3,4;5,4;4,4;4,3;53,472;3,996;4,785;5,179;3,41
TUN;Tunisia;3. Lower Middle Income;French;1;0;1;0;0;reorg;1,3;1,3;0,07;2;0;9,0;56,6;49,0;reorg;1,25 ;0,070;1;83,50 ;7,875;1;;;1;0;1;0;1;0;0;1;1;1;1;0;0;1;0;0;0;0;0;1;0;0,67;1,982;23,675;2,69;3,296;0;1;20,7;16,7;5,5;3,8;4,5;5,1;3,8;47,917;;;4,940;
TUR;Turkey;3. Lower Middle Income;French;1;0;1;0;0;reorg;5,9;5,9;0,07;1;0;46,7;6,6;6,6;liq;5,88 ;0,070;1;9,79 ;8,23;0;;;0;0;1;0;0;0;0;0;0;0;0;1;1;1;0;1;0;1;1;1;0;0,20;1,429;25,943;45,38;5,799;2;1;14,2;20,4;3,8;2,7;3,6;3,1;4,0;38,194;4,005;5,273;5,179;2,07
UKR;Ukraine;3. Lower Middle Income;German;1;0;0;1;0;reorg;2,9;2,9;0,42;2;0;17,4;17,5;12,3;reorg;2,92 ;0,42;1;36,33 ;7,139;0;;;1;0;0;0;0;0;1;1;1;1;0;0;0;0;;1;;1;0;1;0;0,15;-3,870;24,368;14,76;5,595;2;0;26,3;8,3;2,7;2,1;3,8;3,9;2,4;65,278;;;;
ARE;United Arab Emirates;1. High income;French;1;0;1;0;0;fcl;5,0;5,1;0,38;3;0;8,1;21,8;10,4;fcl;4,96 ;0,380;1;42,23 ;9,801;;0;1;0;0;0;0;0;0;0;0;;;;;;;;0;0;0;;;;0,52;-3,150;24,663;5,75;6,420;2;1;;;;;;;;61,111;;;4,524;
GBR;United Kingdom;1. High income;English;0;1;0;0;0;fcl;0,5;1,0;0,06;1;1;3,7;92,3;92,3;fcl;0,50 ;0,080;1;90,35 ;10,432;0;1;1;1;0;0;0;0;0;1;0;0;1;1;0;0;0;0;1;1;0;0;1;1;1,36;2,112;27,999;2,48;5,663;4;1;2,2;83,3;6,6;5,1;4,0;6,6;6,7;29,167;6,189;7,426;9,107;4,67
USA;United States;1. High income;English;0;1;0;0;0;reorg;2,0;2,0;0,07;1;1;4,1;85,8;85,8;reorg;1,21 ;0,050;1;90,47 ;10,631;0;;;1;1;1;1;1;0;1;1;0;1;1;0;0;0;1;1;1;1;0;0;1;1,46;1,927;29,876;1,87;5,521;1;1;1,3;75,0;6,3;4,6;4,3;6,5;6,7;45,833;6,989;9,152;8,631;4,47
URY;Uruguay;2. Upper middle income;French;1;0;1;0;0;fcl;1,9;2,1;0,07;1;0;50,9;28,6;28,6;fcl;1,92 ;0,070;1;42,25 ;8,281;1;0;0;0;1;1;0;0;0;1;1;0;0;0;1;0;0;0;1;0;0;1;1;1;0,53;0,752;23,786;10,01;6,430;3;1;13,9;0,0;3,7;2,0;1,6;3,3;3,3;68,056;;;5,000;
VEN;Venezuela, RB;2. Upper middle income;French;1;0;1;0;0;liq;4,0;4,0;0,38;1;0;25,2;13,1;13,1;liq;4,00 ;0,380;1;25,24 ;8,299;0;;;0;0;1;0;1;0;0;1;0;1;1;0;0;0;0;0;0;0;0;0;0;0,11;-1,500;25,357;26,31;6,098;3;1;9,7;8,3;3,4;2,4;2,6;4,9;3,3;80,556;3,836;4,679;4,702;1,56
;;;;;;;;;;2,6;2,9;0,135227273;1,875;0,363636364;13,6;52,0;;;;;;;;;;;;;;;;;;;;;;;;;;;;;;;;;;;;;;;;;;;;;;;;;;
;;;;;;;;;;;;;;;;;46,4;;;;;;;;;;;;;;;;;;;;;;;;;;;;;;;;;;;;;;;;;;;;;;;;;